submission_id,pair,image_A,image_B,chosen,reason
93198448-62d9-4633-bdc6-661d2c487117,pair_1,37a81f7c-de7f-45d8-a87c-c07915da0a4a.jpg,424e4a43-86d2-4d47-af42-899ee93541ca.jpg,A,readable
93198448-62d9-4633-bdc6-661d2c487117,pair_2,6430498f-93ed-4c6a-a0c0-37aaed08f6cb.jpg,f9c7110e-ec59-4503-9223-0afb312202db.jpg,A,maintainable
93198448-62d9-4633-bdc6-661d2c487117,pair_3,fbda065d-52af-4249-9923-7ed50b4bbf97.jpg,ab1ecd60-ed5e-42b9-a1b6-377fecce19a4.jpg,B,concise
93198448-62d9-4633-bdc6-661d2c487117,pair_4,640bd170-f019-4e82-8020-f07712396f30.jpg,226552e0-fc0a-4625-9645-c318a8a91422.jpg,C,
93198448-62d9-4633-bdc6-661d2c487117,pair_5,95cd281f-a25f-4bf7-b7ca-1c0edce9e1a8.jpg,c95713d7-1d8a-4a7e-8a06-f893b69d8d97.jpg,A,concise
93198448-62d9-4633-bdc6-661d2c487117,pair_6,81be6f16-e200-4977-b66d-acca6d297f12.jpg,e8fffd15-be0c-41e8-ba07-74cb68b46ce0.jpg,B,concise
93198448-62d9-4633-bdc6-661d2c487117,pair_7,871327ff-c0f6-40bf-9db7-98cb940eaac9.jpg,946e95c3-e9d8-4381-8554-5535452f8903.jpg,A,maintainable
93198448-62d9-4633-bdc6-661d2c487117,pair_8,7b943c3d-f625-4aa7-af2d-3530de68b562.jpg,aa00afc0-cbfa-4ab7-8af7-dd981d229cff.jpg,A,readable
93198448-62d9-4633-bdc6-661d2c487117,pair_9,73a53ac8-1d12-44a8-855b-91667f7ffe8d.jpg,02829afa-d58f-4d82-a80b-f2b1c1626c49.jpg,A,readable
93198448-62d9-4633-bdc6-661d2c487117,pair_10,11fd3d9f-7faf-4b7e-8b4d-4ef6e56bb009.jpg,6bf34219-243b-4f00-a88c-750ab9a72d11.jpg,C,
fc1197e9-1749-4a86-abba-a04c9125ca2b,pair_1,30d837b1-b9b7-4452-ba73-4ba072b0631c.jpg,d6f3462a-2ad2-4ed7-a4aa-1eac78b682e1.jpg,A,readable
fc1197e9-1749-4a86-abba-a04c9125ca2b,pair_2,2ffe3da3-bb2d-49a2-8e5e-370636ba15ac.jpg,20cceb67-401c-431a-a8d2-6fc7a5add2f1.jpg,C,
fc1197e9-1749-4a86-abba-a04c9125ca2b,pair_3,6be9961f-0ddc-48b0-abd6-f999914c616f.jpg,23143556-ee99-4f15-b697-6ca43fd1cba9.jpg,A,readable
fc1197e9-1749-4a86-abba-a04c9125ca2b,pair_4,91532571-d019-4e2d-bd1b-a028b0a59a7e.jpg,e1a28a4a-fd0e-4624-98b3-4aa7f32a6c5e.jpg,C,
fc1197e9-1749-4a86-abba-a04c9125ca2b,pair_5,f0501e14-178f-4c35-a453-0edb20e767ee.jpg,727a2e78-3e83-44e0-a4e6-922c8c8c6463.jpg,C,
fc1197e9-1749-4a86-abba-a04c9125ca2b,pair_6,3e2be6af-794b-45b8-8185-53a8b75153e8.jpg,ee6ebad8-ec5a-4a67-9115-7e4c036eaf93.jpg,B,concise;maintainable
fc1197e9-1749-4a86-abba-a04c9125ca2b,pair_7,b25716fd-1452-4d18-9d14-3292657908d4.jpg,d041b4e7-e6de-4253-af72-d57039cd3670.jpg,A,readable
fc1197e9-1749-4a86-abba-a04c9125ca2b,pair_8,15f2a2c4-a614-4e9a-9b71-4e9add9da46b.jpg,1e644420-6c20-4ef5-b9bd-0ce69555d01c.jpg,B,concise;readable
fc1197e9-1749-4a86-abba-a04c9125ca2b,pair_9,0b45330d-6ef6-44aa-975d-1e8f69f8a4ae.jpg,ce644985-46e6-45c2-8c07-1501d778b43f.jpg,A,maintainable
fc1197e9-1749-4a86-abba-a04c9125ca2b,pair_10,94dc89a8-d9e5-460c-837d-02a367828031.jpg,5a8a8f36-98f1-47aa-993b-2c73a1bd170e.jpg,A,readable
e6507827-d0f9-4a3a-bdeb-efc0a0515b9d,pair_1,baca7e03-4fd3-4f5a-a736-ba5ec2ddd4d6.jpg,fdabcdc4-21f3-47cd-acab-12ff6bf1340c.jpg,C,
e6507827-d0f9-4a3a-bdeb-efc0a0515b9d,pair_2,74b5f440-17b6-4eb3-b1c1-c137f08eb236.jpg,ca72ea8c-ac37-4969-8996-8eece69f34d2.jpg,B,readable
e6507827-d0f9-4a3a-bdeb-efc0a0515b9d,pair_3,91532571-d019-4e2d-bd1b-a028b0a59a7e.jpg,e1a28a4a-fd0e-4624-98b3-4aa7f32a6c5e.jpg,C,concise
e6507827-d0f9-4a3a-bdeb-efc0a0515b9d,pair_4,3e2be6af-794b-45b8-8185-53a8b75153e8.jpg,ee6ebad8-ec5a-4a67-9115-7e4c036eaf93.jpg,A,readable
e6507827-d0f9-4a3a-bdeb-efc0a0515b9d,pair_5,30d837b1-b9b7-4452-ba73-4ba072b0631c.jpg,d6f3462a-2ad2-4ed7-a4aa-1eac78b682e1.jpg,B,concise;readable;maintainable
e6507827-d0f9-4a3a-bdeb-efc0a0515b9d,pair_6,6be9961f-0ddc-48b0-abd6-f999914c616f.jpg,23143556-ee99-4f15-b697-6ca43fd1cba9.jpg,C,
e6507827-d0f9-4a3a-bdeb-efc0a0515b9d,pair_7,52878c91-a09c-435b-9cf1-f04c2940ead0.jpg,257a35d8-46ed-45bb-a4ac-8d85c8002f85.jpg,B,readable
e6507827-d0f9-4a3a-bdeb-efc0a0515b9d,pair_8,429d5c16-8d23-4c6d-8211-8bcd9a384b5d.jpg,c315392a-5641-457b-845c-54e36cc410f1.jpg,B,readable
e6507827-d0f9-4a3a-bdeb-efc0a0515b9d,pair_9,918fced5-b205-4b25-bf2e-99e84ff57c57.jpg,57607d11-3165-4f46-b571-9661c43fdb7f.jpg,C,
e6507827-d0f9-4a3a-bdeb-efc0a0515b9d,pair_10,6f4f4862-e080-42ef-bb8b-95f6b9490c6f.jpg,00865747-fe93-47de-aece-9d048f0daff4.jpg,B,concise;readable;maintainable
3e44c9e2-543b-4a7f-babc-4bf73fd8db05,pair_1,52878c91-a09c-435b-9cf1-f04c2940ead0.jpg,257a35d8-46ed-45bb-a4ac-8d85c8002f85.jpg,B,readable
3e44c9e2-543b-4a7f-babc-4bf73fd8db05,pair_2,3e2be6af-794b-45b8-8185-53a8b75153e8.jpg,ee6ebad8-ec5a-4a67-9115-7e4c036eaf93.jpg,B,concise
3e44c9e2-543b-4a7f-babc-4bf73fd8db05,pair_3,11fd3d9f-7faf-4b7e-8b4d-4ef6e56bb009.jpg,6bf34219-243b-4f00-a88c-750ab9a72d11.jpg,A,readable;maintainable
3e44c9e2-543b-4a7f-babc-4bf73fd8db05,pair_4,73a53ac8-1d12-44a8-855b-91667f7ffe8d.jpg,02829afa-d58f-4d82-a80b-f2b1c1626c49.jpg,A,readable
3e44c9e2-543b-4a7f-babc-4bf73fd8db05,pair_5,26721013-7141-4ec6-a43d-c2d04252043e.jpg,801a2295-f441-4420-8e32-38daba8162ba.jpg,A,readable
3e44c9e2-543b-4a7f-babc-4bf73fd8db05,pair_6,2ffe3da3-bb2d-49a2-8e5e-370636ba15ac.jpg,20cceb67-401c-431a-a8d2-6fc7a5add2f1.jpg,A,concise;maintainable
3e44c9e2-543b-4a7f-babc-4bf73fd8db05,pair_7,df079fbd-f63b-4d88-895b-55392b120551.jpg,722e0e41-373f-47a9-99f0-b015dcd0ac9e.jpg,B,maintainable
3e44c9e2-543b-4a7f-babc-4bf73fd8db05,pair_8,b0270f5b-80a9-46c8-bab8-ac4e75417567.jpg,ef2f9220-dc94-4786-9763-2ba328183105.jpg,B,concise;readable;maintainable
3e44c9e2-543b-4a7f-babc-4bf73fd8db05,pair_9,543c5197-71b8-4ab2-a09a-8da9a3e32fd0.jpg,4595847c-26e6-4f9d-bbc6-dd1e8243a7b9.jpg,B,readable
3e44c9e2-543b-4a7f-babc-4bf73fd8db05,pair_10,d66af706-2c5c-4ec0-a6bb-19f14350e58f.jpg,45118b31-71ac-43d6-9246-2a1d5a8a2310.jpg,C,
4525bb5c-7448-412d-8ba6-6a24c7b12651,pair_1,6430498f-93ed-4c6a-a0c0-37aaed08f6cb.jpg,f9c7110e-ec59-4503-9223-0afb312202db.jpg,B,readable
4525bb5c-7448-412d-8ba6-6a24c7b12651,pair_2,11fd3d9f-7faf-4b7e-8b4d-4ef6e56bb009.jpg,6bf34219-243b-4f00-a88c-750ab9a72d11.jpg,A,readable;maintainable
4525bb5c-7448-412d-8ba6-6a24c7b12651,pair_3,0b45330d-6ef6-44aa-975d-1e8f69f8a4ae.jpg,ce644985-46e6-45c2-8c07-1501d778b43f.jpg,B,
4525bb5c-7448-412d-8ba6-6a24c7b12651,pair_4,a56fa977-0d3b-4ef6-9c4e-41ac1a789983.jpg,75665329-38f0-4d84-b43c-ca54b8cb5faf.jpg,B,readable;maintainable
4525bb5c-7448-412d-8ba6-6a24c7b12651,pair_5,30d837b1-b9b7-4452-ba73-4ba072b0631c.jpg,d6f3462a-2ad2-4ed7-a4aa-1eac78b682e1.jpg,B,readable;maintainable
4525bb5c-7448-412d-8ba6-6a24c7b12651,pair_6,73a53ac8-1d12-44a8-855b-91667f7ffe8d.jpg,02829afa-d58f-4d82-a80b-f2b1c1626c49.jpg,B,readable
4525bb5c-7448-412d-8ba6-6a24c7b12651,pair_7,56cd2dcf-0db9-4163-ab6f-e4a3afb74de5.jpg,67146b01-59f1-405d-b539-ac17f4add193.jpg,B,concise
4525bb5c-7448-412d-8ba6-6a24c7b12651,pair_8,b0270f5b-80a9-46c8-bab8-ac4e75417567.jpg,ef2f9220-dc94-4786-9763-2ba328183105.jpg,C,
4525bb5c-7448-412d-8ba6-6a24c7b12651,pair_9,6f4f4862-e080-42ef-bb8b-95f6b9490c6f.jpg,00865747-fe93-47de-aece-9d048f0daff4.jpg,C,
4525bb5c-7448-412d-8ba6-6a24c7b12651,pair_10,d66af706-2c5c-4ec0-a6bb-19f14350e58f.jpg,45118b31-71ac-43d6-9246-2a1d5a8a2310.jpg,A,readable;maintainable
750ecd3e-27dc-4eda-a694-a1dbc82cc169,pair_1,2f44ab75-d9ca-4863-b660-58a87e79b7d3.jpg,70c6ed4a-f159-4083-bd90-c5f3c24b65a1.jpg,A,readable
750ecd3e-27dc-4eda-a694-a1dbc82cc169,pair_2,a8777d56-9b7b-423f-986d-80bca99be116.jpg,510d9ced-cf25-42cd-ac40-fefca2ba2e0e.jpg,C,concise;readable
750ecd3e-27dc-4eda-a694-a1dbc82cc169,pair_3,11fd3d9f-7faf-4b7e-8b4d-4ef6e56bb009.jpg,6bf34219-243b-4f00-a88c-750ab9a72d11.jpg,C,readable
750ecd3e-27dc-4eda-a694-a1dbc82cc169,pair_4,26721013-7141-4ec6-a43d-c2d04252043e.jpg,801a2295-f441-4420-8e32-38daba8162ba.jpg,A,readable;maintainable
750ecd3e-27dc-4eda-a694-a1dbc82cc169,pair_5,83b89e8c-39e0-4643-b8f4-ca9818c738be.jpg,317f5f34-a19d-4fa5-ba6d-6156a30f7618.jpg,B,concise;readable
750ecd3e-27dc-4eda-a694-a1dbc82cc169,pair_6,6be9961f-0ddc-48b0-abd6-f999914c616f.jpg,23143556-ee99-4f15-b697-6ca43fd1cba9.jpg,A,concise;readable;maintainable
750ecd3e-27dc-4eda-a694-a1dbc82cc169,pair_7,429d5c16-8d23-4c6d-8211-8bcd9a384b5d.jpg,c315392a-5641-457b-845c-54e36cc410f1.jpg,B,concise;readable
750ecd3e-27dc-4eda-a694-a1dbc82cc169,pair_8,46e5ea39-ab88-4365-a9a3-21c007dfe346.jpg,7bf50358-0025-4dd1-a5af-7688e13844de.jpg,A,readable
750ecd3e-27dc-4eda-a694-a1dbc82cc169,pair_9,94dc89a8-d9e5-460c-837d-02a367828031.jpg,5a8a8f36-98f1-47aa-993b-2c73a1bd170e.jpg,A,readable
750ecd3e-27dc-4eda-a694-a1dbc82cc169,pair_10,918fced5-b205-4b25-bf2e-99e84ff57c57.jpg,57607d11-3165-4f46-b571-9661c43fdb7f.jpg,B,concise;readable
7445f6a9-5832-48e7-b561-b520d8a771b4,pair_1,74b5f440-17b6-4eb3-b1c1-c137f08eb236.jpg,ca72ea8c-ac37-4969-8996-8eece69f34d2.jpg,A,readable;maintainable
7445f6a9-5832-48e7-b561-b520d8a771b4,pair_2,81be6f16-e200-4977-b66d-acca6d297f12.jpg,e8fffd15-be0c-41e8-ba07-74cb68b46ce0.jpg,A,concise;readable;maintainable
7445f6a9-5832-48e7-b561-b520d8a771b4,pair_3,83b89e8c-39e0-4643-b8f4-ca9818c738be.jpg,317f5f34-a19d-4fa5-ba6d-6156a30f7618.jpg,B,readable;maintainable
7445f6a9-5832-48e7-b561-b520d8a771b4,pair_4,30d837b1-b9b7-4452-ba73-4ba072b0631c.jpg,d6f3462a-2ad2-4ed7-a4aa-1eac78b682e1.jpg,B,concise;maintainable
7445f6a9-5832-48e7-b561-b520d8a771b4,pair_5,3e2be6af-794b-45b8-8185-53a8b75153e8.jpg,ee6ebad8-ec5a-4a67-9115-7e4c036eaf93.jpg,B,concise;readable;maintainable
7445f6a9-5832-48e7-b561-b520d8a771b4,pair_6,95cd281f-a25f-4bf7-b7ca-1c0edce9e1a8.jpg,c95713d7-1d8a-4a7e-8a06-f893b69d8d97.jpg,A,readable
7445f6a9-5832-48e7-b561-b520d8a771b4,pair_7,543c5197-71b8-4ab2-a09a-8da9a3e32fd0.jpg,4595847c-26e6-4f9d-bbc6-dd1e8243a7b9.jpg,B,concise
7445f6a9-5832-48e7-b561-b520d8a771b4,pair_8,46e5ea39-ab88-4365-a9a3-21c007dfe346.jpg,7bf50358-0025-4dd1-a5af-7688e13844de.jpg,A,concise
7445f6a9-5832-48e7-b561-b520d8a771b4,pair_9,0b45330d-6ef6-44aa-975d-1e8f69f8a4ae.jpg,ce644985-46e6-45c2-8c07-1501d778b43f.jpg,A,readable;maintainable
7445f6a9-5832-48e7-b561-b520d8a771b4,pair_10,df079fbd-f63b-4d88-895b-55392b120551.jpg,722e0e41-373f-47a9-99f0-b015dcd0ac9e.jpg,A,readable;maintainable
e168e75c-9c22-4953-80d1-62d829d5d1e8,pair_1,73a53ac8-1d12-44a8-855b-91667f7ffe8d.jpg,02829afa-d58f-4d82-a80b-f2b1c1626c49.jpg,A,readable;maintainable
e168e75c-9c22-4953-80d1-62d829d5d1e8,pair_2,26721013-7141-4ec6-a43d-c2d04252043e.jpg,801a2295-f441-4420-8e32-38daba8162ba.jpg,C,
e168e75c-9c22-4953-80d1-62d829d5d1e8,pair_3,2ffe3da3-bb2d-49a2-8e5e-370636ba15ac.jpg,20cceb67-401c-431a-a8d2-6fc7a5add2f1.jpg,A,readable;maintainable
e168e75c-9c22-4953-80d1-62d829d5d1e8,pair_4,f0501e14-178f-4c35-a453-0edb20e767ee.jpg,727a2e78-3e83-44e0-a4e6-922c8c8c6463.jpg,A,readable;maintainable
e168e75c-9c22-4953-80d1-62d829d5d1e8,pair_5,37a81f7c-de7f-45d8-a87c-c07915da0a4a.jpg,424e4a43-86d2-4d47-af42-899ee93541ca.jpg,B,readable;maintainable
e168e75c-9c22-4953-80d1-62d829d5d1e8,pair_6,878377df-956d-499a-a207-95bb2e89b48c.jpg,8b6dc4a5-5f0e-43cf-bc43-a352f020d8bf.jpg,A,readable;maintainable
e168e75c-9c22-4953-80d1-62d829d5d1e8,pair_7,a56fa977-0d3b-4ef6-9c4e-41ac1a789983.jpg,75665329-38f0-4d84-b43c-ca54b8cb5faf.jpg,A,concise;readable
e168e75c-9c22-4953-80d1-62d829d5d1e8,pair_8,2f44ab75-d9ca-4863-b660-58a87e79b7d3.jpg,70c6ed4a-f159-4083-bd90-c5f3c24b65a1.jpg,C,
e168e75c-9c22-4953-80d1-62d829d5d1e8,pair_9,56cd2dcf-0db9-4163-ab6f-e4a3afb74de5.jpg,67146b01-59f1-405d-b539-ac17f4add193.jpg,C,
e168e75c-9c22-4953-80d1-62d829d5d1e8,pair_10,871327ff-c0f6-40bf-9db7-98cb940eaac9.jpg,946e95c3-e9d8-4381-8554-5535452f8903.jpg,C,
56316520-c687-450e-8811-9dd9c8668e65,pair_1,83b89e8c-39e0-4643-b8f4-ca9818c738be.jpg,317f5f34-a19d-4fa5-ba6d-6156a30f7618.jpg,B,readable
56316520-c687-450e-8811-9dd9c8668e65,pair_2,b0270f5b-80a9-46c8-bab8-ac4e75417567.jpg,ef2f9220-dc94-4786-9763-2ba328183105.jpg,B,readable;maintainable
56316520-c687-450e-8811-9dd9c8668e65,pair_3,30d837b1-b9b7-4452-ba73-4ba072b0631c.jpg,d6f3462a-2ad2-4ed7-a4aa-1eac78b682e1.jpg,A,readable;maintainable
56316520-c687-450e-8811-9dd9c8668e65,pair_4,918fced5-b205-4b25-bf2e-99e84ff57c57.jpg,57607d11-3165-4f46-b571-9661c43fdb7f.jpg,B,concise
56316520-c687-450e-8811-9dd9c8668e65,pair_5,95cd281f-a25f-4bf7-b7ca-1c0edce9e1a8.jpg,c95713d7-1d8a-4a7e-8a06-f893b69d8d97.jpg,A,concise;readable;maintainable
56316520-c687-450e-8811-9dd9c8668e65,pair_6,baca7e03-4fd3-4f5a-a736-ba5ec2ddd4d6.jpg,fdabcdc4-21f3-47cd-acab-12ff6bf1340c.jpg,A,readable
56316520-c687-450e-8811-9dd9c8668e65,pair_7,81be6f16-e200-4977-b66d-acca6d297f12.jpg,e8fffd15-be0c-41e8-ba07-74cb68b46ce0.jpg,B,readable
56316520-c687-450e-8811-9dd9c8668e65,pair_8,b25716fd-1452-4d18-9d14-3292657908d4.jpg,d041b4e7-e6de-4253-af72-d57039cd3670.jpg,B,readable;maintainable
56316520-c687-450e-8811-9dd9c8668e65,pair_9,f0501e14-178f-4c35-a453-0edb20e767ee.jpg,727a2e78-3e83-44e0-a4e6-922c8c8c6463.jpg,A,concise;readable
56316520-c687-450e-8811-9dd9c8668e65,pair_10,6be9961f-0ddc-48b0-abd6-f999914c616f.jpg,23143556-ee99-4f15-b697-6ca43fd1cba9.jpg,C,
2e034569-6fd4-40c7-8e6f-d703530a29ea,pair_1,baca7e03-4fd3-4f5a-a736-ba5ec2ddd4d6.jpg,fdabcdc4-21f3-47cd-acab-12ff6bf1340c.jpg,B,concise
2e034569-6fd4-40c7-8e6f-d703530a29ea,pair_2,94dc89a8-d9e5-460c-837d-02a367828031.jpg,5a8a8f36-98f1-47aa-993b-2c73a1bd170e.jpg,B,concise
2e034569-6fd4-40c7-8e6f-d703530a29ea,pair_3,878377df-956d-499a-a207-95bb2e89b48c.jpg,8b6dc4a5-5f0e-43cf-bc43-a352f020d8bf.jpg,A,readable
2e034569-6fd4-40c7-8e6f-d703530a29ea,pair_4,46e5ea39-ab88-4365-a9a3-21c007dfe346.jpg,7bf50358-0025-4dd1-a5af-7688e13844de.jpg,B,readable;maintainable
2e034569-6fd4-40c7-8e6f-d703530a29ea,pair_5,918fced5-b205-4b25-bf2e-99e84ff57c57.jpg,57607d11-3165-4f46-b571-9661c43fdb7f.jpg,B,concise;readable
2e034569-6fd4-40c7-8e6f-d703530a29ea,pair_6,6430498f-93ed-4c6a-a0c0-37aaed08f6cb.jpg,f9c7110e-ec59-4503-9223-0afb312202db.jpg,A,readable
2e034569-6fd4-40c7-8e6f-d703530a29ea,pair_7,74b5f440-17b6-4eb3-b1c1-c137f08eb236.jpg,ca72ea8c-ac37-4969-8996-8eece69f34d2.jpg,B,readable
2e034569-6fd4-40c7-8e6f-d703530a29ea,pair_8,3e2be6af-794b-45b8-8185-53a8b75153e8.jpg,ee6ebad8-ec5a-4a67-9115-7e4c036eaf93.jpg,B,readable;maintainable
2e034569-6fd4-40c7-8e6f-d703530a29ea,pair_9,aa3bebc1-8058-4a1b-b537-101f6c517861.jpg,0505663d-d4ea-45e3-b8ea-a6fb8cea254b.jpg,B,concise
2e034569-6fd4-40c7-8e6f-d703530a29ea,pair_10,0b45330d-6ef6-44aa-975d-1e8f69f8a4ae.jpg,ce644985-46e6-45c2-8c07-1501d778b43f.jpg,C,
b28f8f60-8299-4cf1-b7b2-87a0e911a0d0,pair_1,878377df-956d-499a-a207-95bb2e89b48c.jpg,8b6dc4a5-5f0e-43cf-bc43-a352f020d8bf.jpg,C,
b28f8f60-8299-4cf1-b7b2-87a0e911a0d0,pair_2,2f44ab75-d9ca-4863-b660-58a87e79b7d3.jpg,70c6ed4a-f159-4083-bd90-c5f3c24b65a1.jpg,B,concise
b28f8f60-8299-4cf1-b7b2-87a0e911a0d0,pair_3,b25716fd-1452-4d18-9d14-3292657908d4.jpg,d041b4e7-e6de-4253-af72-d57039cd3670.jpg,B,
b28f8f60-8299-4cf1-b7b2-87a0e911a0d0,pair_4,f0501e14-178f-4c35-a453-0edb20e767ee.jpg,727a2e78-3e83-44e0-a4e6-922c8c8c6463.jpg,A,
b28f8f60-8299-4cf1-b7b2-87a0e911a0d0,pair_5,6430498f-93ed-4c6a-a0c0-37aaed08f6cb.jpg,f9c7110e-ec59-4503-9223-0afb312202db.jpg,C,
b28f8f60-8299-4cf1-b7b2-87a0e911a0d0,pair_6,6be9961f-0ddc-48b0-abd6-f999914c616f.jpg,23143556-ee99-4f15-b697-6ca43fd1cba9.jpg,B,concise;maintainable
b28f8f60-8299-4cf1-b7b2-87a0e911a0d0,pair_7,3e2be6af-794b-45b8-8185-53a8b75153e8.jpg,ee6ebad8-ec5a-4a67-9115-7e4c036eaf93.jpg,B,readable
b28f8f60-8299-4cf1-b7b2-87a0e911a0d0,pair_8,a8777d56-9b7b-423f-986d-80bca99be116.jpg,510d9ced-cf25-42cd-ac40-fefca2ba2e0e.jpg,A,
b28f8f60-8299-4cf1-b7b2-87a0e911a0d0,pair_9,aa3bebc1-8058-4a1b-b537-101f6c517861.jpg,0505663d-d4ea-45e3-b8ea-a6fb8cea254b.jpg,C,
b28f8f60-8299-4cf1-b7b2-87a0e911a0d0,pair_10,95cd281f-a25f-4bf7-b7ca-1c0edce9e1a8.jpg,c95713d7-1d8a-4a7e-8a06-f893b69d8d97.jpg,C,
a71dbd86-1384-4874-8eca-8ac2498bd497,pair_1,95cd281f-a25f-4bf7-b7ca-1c0edce9e1a8.jpg,c95713d7-1d8a-4a7e-8a06-f893b69d8d97.jpg,A,readable;maintainable
a71dbd86-1384-4874-8eca-8ac2498bd497,pair_2,6be9961f-0ddc-48b0-abd6-f999914c616f.jpg,23143556-ee99-4f15-b697-6ca43fd1cba9.jpg,C,
a71dbd86-1384-4874-8eca-8ac2498bd497,pair_3,b25716fd-1452-4d18-9d14-3292657908d4.jpg,d041b4e7-e6de-4253-af72-d57039cd3670.jpg,A,readable
a71dbd86-1384-4874-8eca-8ac2498bd497,pair_4,52878c91-a09c-435b-9cf1-f04c2940ead0.jpg,257a35d8-46ed-45bb-a4ac-8d85c8002f85.jpg,B,concise;readable;maintainable
a71dbd86-1384-4874-8eca-8ac2498bd497,pair_5,74b5f440-17b6-4eb3-b1c1-c137f08eb236.jpg,ca72ea8c-ac37-4969-8996-8eece69f34d2.jpg,A,concise;readable;maintainable
a71dbd86-1384-4874-8eca-8ac2498bd497,pair_6,d66af706-2c5c-4ec0-a6bb-19f14350e58f.jpg,45118b31-71ac-43d6-9246-2a1d5a8a2310.jpg,B,concise;readable
a71dbd86-1384-4874-8eca-8ac2498bd497,pair_7,83b89e8c-39e0-4643-b8f4-ca9818c738be.jpg,317f5f34-a19d-4fa5-ba6d-6156a30f7618.jpg,B,concise;readable;maintainable
a71dbd86-1384-4874-8eca-8ac2498bd497,pair_8,878377df-956d-499a-a207-95bb2e89b48c.jpg,8b6dc4a5-5f0e-43cf-bc43-a352f020d8bf.jpg,B,readable
a71dbd86-1384-4874-8eca-8ac2498bd497,pair_9,6430498f-93ed-4c6a-a0c0-37aaed08f6cb.jpg,f9c7110e-ec59-4503-9223-0afb312202db.jpg,B,concise;readable;maintainable
a71dbd86-1384-4874-8eca-8ac2498bd497,pair_10,640bd170-f019-4e82-8020-f07712396f30.jpg,226552e0-fc0a-4625-9645-c318a8a91422.jpg,B,concise;readable;maintainable
79061346-bfb1-4a68-883c-8c57abd68b69,pair_1,30d837b1-b9b7-4452-ba73-4ba072b0631c.jpg,d6f3462a-2ad2-4ed7-a4aa-1eac78b682e1.jpg,A,readable
79061346-bfb1-4a68-883c-8c57abd68b69,pair_2,fbda065d-52af-4249-9923-7ed50b4bbf97.jpg,ab1ecd60-ed5e-42b9-a1b6-377fecce19a4.jpg,B,maintainable
79061346-bfb1-4a68-883c-8c57abd68b69,pair_3,81be6f16-e200-4977-b66d-acca6d297f12.jpg,e8fffd15-be0c-41e8-ba07-74cb68b46ce0.jpg,B,readable
79061346-bfb1-4a68-883c-8c57abd68b69,pair_4,94dc89a8-d9e5-460c-837d-02a367828031.jpg,5a8a8f36-98f1-47aa-993b-2c73a1bd170e.jpg,B,maintainable
79061346-bfb1-4a68-883c-8c57abd68b69,pair_5,72449eb2-56cd-458d-a411-01eea766c684.jpg,a3170942-5a67-4163-a2f9-dc384cd057ec.jpg,B,readable
79061346-bfb1-4a68-883c-8c57abd68b69,pair_6,a8777d56-9b7b-423f-986d-80bca99be116.jpg,510d9ced-cf25-42cd-ac40-fefca2ba2e0e.jpg,B,readable
79061346-bfb1-4a68-883c-8c57abd68b69,pair_7,6430498f-93ed-4c6a-a0c0-37aaed08f6cb.jpg,f9c7110e-ec59-4503-9223-0afb312202db.jpg,B,concise
79061346-bfb1-4a68-883c-8c57abd68b69,pair_8,429d5c16-8d23-4c6d-8211-8bcd9a384b5d.jpg,c315392a-5641-457b-845c-54e36cc410f1.jpg,C,
79061346-bfb1-4a68-883c-8c57abd68b69,pair_9,7b943c3d-f625-4aa7-af2d-3530de68b562.jpg,aa00afc0-cbfa-4ab7-8af7-dd981d229cff.jpg,C,
79061346-bfb1-4a68-883c-8c57abd68b69,pair_10,3e2be6af-794b-45b8-8185-53a8b75153e8.jpg,ee6ebad8-ec5a-4a67-9115-7e4c036eaf93.jpg,C,
